run	ReleaseDate	LoadDate	spots	bases	spots_with_mates	avgLength	size_MB	AssemblyName	download_path	experiment	LibraryName	LibraryStrategy	LibrarySelection	LibrarySource	LibraryLayout	InsertSize	InsertDev	Platform	Model	SRAStudy	BioProject	Study_Pubmed_id	ProjectID	Sample	BioSample	SampleType	TaxID	ScientificName	SampleName	g1k_pop_code	source	g1k_analysis_group	Subject_ID	Sex	Disease	Tumor	Affection_Status	Analyte_Type	Histological_Type	Body_Site	CenterName	Submission	dbgap_study_accession	Consent	RunHash	ReadHash	title	libtype
SRR6441591	2018-02-22 16:42:06	2018-01-04 18:29:25	20512123	1025606150	0	50	395	NA	https://sra-download.ncbi.nlm.nih.gov/traces/sra57/SRR/006290/SRR6441591	SRX3532852	NA	RNA-Seq	cDNA	TRANSCRIPTOMIC	SINGLE	0	0	ILLUMINA	Illumina HiSeq 2500	SRP128065	PRJNA428526	2	428526	SRS2808286	SAMN08294581	simple	4932	Saccharomyces cerevisiae	GSM2913137	NA	NA	NA	NA	NA	NA	no	NA	NA	NA	NA	GEO	SRA644031	NA	public	04D292EC304046CD147D7ED75BA7D624	3DF8083925278AA067AF08B18217A61D	vegetative exponential fps	riboseq
SRR6441592	2018-02-22 16:42:06	2018-01-04 18:23:52	1124476	56223800	0	50	21	NA	https://sra-download.ncbi.nlm.nih.gov/traces/sra58/SRR/006290/SRR6441592	SRX3532852	NA	RNA-Seq	cDNA	TRANSCRIPTOMIC	SINGLE	0	0	ILLUMINA	Illumina HiSeq 2500	SRP128065	PRJNA428526	2	428526	SRS2808286	SAMN08294581	simple	4932	Saccharomyces cerevisiae	GSM2913137	NA	NA	NA	NA	NA	NA	no	NA	NA	NA	NA	GEO	SRA644031	NA	public	4906547AA2411EB6632DCF3CEDF28BF0	444163625B4B2034A72A6E428D98B1B7	vegetative exponential fps	riboseq
SRR6441593	2018-02-22 16:42:06	2018-01-04 18:24:01	1804354	92022054	0	51	38	NA	https://sra-download.ncbi.nlm.nih.gov/traces/sra57/SRR/006290/SRR6441593	SRX3532852	NA	RNA-Seq	cDNA	TRANSCRIPTOMIC	SINGLE	0	0	ILLUMINA	Illumina HiSeq 2500	SRP128065	PRJNA428526	2	428526	SRS2808286	SAMN08294581	simple	4932	Saccharomyces cerevisiae	GSM2913137	NA	NA	NA	NA	NA	NA	no	NA	NA	NA	NA	GEO	SRA644031	NA	public	0561B78EE1D450284A9DB7F5B9CE62F2	A26124E5139D97850054C3B546E4E50C	vegetative exponential fps	riboseq
SRR6441594	2018-02-22 16:42:06	2018-01-04 18:24:04	1825842	93117942	0	51	39	NA	https://sra-download.ncbi.nlm.nih.gov/traces/sra57/SRR/006290/SRR6441594	SRX3532852	NA	RNA-Seq	cDNA	TRANSCRIPTOMIC	SINGLE	0	0	ILLUMINA	Illumina HiSeq 2500	SRP128065	PRJNA428526	2	428526	SRS2808286	SAMN08294581	simple	4932	Saccharomyces cerevisiae	GSM2913137	NA	NA	NA	NA	NA	NA	no	NA	NA	NA	NA	GEO	SRA644031	NA	public	63EEC5FED39461AC3D0EA340CBEF343F	A11803CB662C93E8263A1440718162CC	vegetative exponential fps	riboseq
SRR6441595	2018-02-22 16:42:06	2018-01-04 18:25:33	12387336	631754136	0	51	302	NA	https://sra-download.ncbi.nlm.nih.gov/traces/sra57/SRR/006290/SRR6441595	SRX3532852	NA	RNA-Seq	cDNA	TRANSCRIPTOMIC	SINGLE	0	0	ILLUMINA	Illumina HiSeq 2500	SRP128065	PRJNA428526	2	428526	SRS2808286	SAMN08294581	simple	4932	Saccharomyces cerevisiae	GSM2913137	NA	NA	NA	NA	NA	NA	no	NA	NA	NA	NA	GEO	SRA644031	NA	public	84CC6FCD91F06BF0E264B5344E2E75EF	0F2A18B9849A7048C26A04FE1B153137	vegetative exponential fps	riboseq
SRR6441596	2018-02-22 16:42:06	2018-01-04 18:25:25	12605123	642861273	0	51	308	NA	https://sra-download.ncbi.nlm.nih.gov/traces/sra58/SRR/006290/SRR6441596	SRX3532852	NA	RNA-Seq	cDNA	TRANSCRIPTOMIC	SINGLE	0	0	ILLUMINA	Illumina HiSeq 2500	SRP128065	PRJNA428526	2	428526	SRS2808286	SAMN08294581	simple	4932	Saccharomyces cerevisiae	GSM2913137	NA	NA	NA	NA	NA	NA	no	NA	NA	NA	NA	GEO	SRA644031	NA	public	E71DEE43250FBDD07D2646AB6FBD9647	79DBE945E91C596015690D3536F4B147	vegetative exponential fps	riboseq
SRR6441597	2018-02-22 16:42:06	2018-01-04 18:29:37	16828365	858246615	0	51	355	NA	https://sra-download.ncbi.nlm.nih.gov/traces/sra57/SRR/006290/SRR6441597	SRX3532853	NA	RNA-Seq	cDNA	TRANSCRIPTOMIC	SINGLE	0	0	ILLUMINA	Illumina HiSeq 2500	SRP128065	PRJNA428526	2	428526	SRS2808287	SAMN08294580	simple	4932	Saccharomyces cerevisiae	GSM2913138	NA	NA	NA	NA	NA	NA	no	NA	NA	NA	NA	GEO	SRA644031	NA	public	8E2ED171F5B8EA95070766AEDF5ECCDA	4DD5016EEBA9BEE4EC36EE3462ACD0F4	0hr fps	riboseq
SRR6441598	2018-02-22 16:42:06	2018-01-04 18:30:13	17005621	867286671	0	51	361	NA	https://sra-download.ncbi.nlm.nih.gov/traces/sra57/SRR/006290/SRR6441598	SRX3532853	NA	RNA-Seq	cDNA	TRANSCRIPTOMIC	SINGLE	0	0	ILLUMINA	Illumina HiSeq 2500	SRP128065	PRJNA428526	2	428526	SRS2808287	SAMN08294580	simple	4932	Saccharomyces cerevisiae	GSM2913138	NA	NA	NA	NA	NA	NA	no	NA	NA	NA	NA	GEO	SRA644031	NA	public	D242888ABDFFDB29665EC2AFC333C34D	8F7356B523F0AF9A79A526C53385F85D	0hr fps	riboseq
SRR6441599	2018-02-22 16:42:06	2018-01-04 18:24:12	926750	47264250	0	51	26	NA	https://sra-download.ncbi.nlm.nih.gov/traces/sra57/SRR/006290/SRR6441599	SRX3532853	NA	RNA-Seq	cDNA	TRANSCRIPTOMIC	SINGLE	0	0	ILLUMINA	Illumina HiSeq 2500	SRP128065	PRJNA428526	2	428526	SRS2808287	SAMN08294580	simple	4932	Saccharomyces cerevisiae	GSM2913138	NA	NA	NA	NA	NA	NA	no	NA	NA	NA	NA	GEO	SRA644031	NA	public	519A1484806B07CD468090BFB7C935F7	39455EC5D74951AFF5376986F1292766	0hr fps	riboseq
SRR6441600	2018-02-22 16:42:06	2018-01-04 18:23:45	925769	47214219	0	51	27	NA	https://sra-download.ncbi.nlm.nih.gov/traces/sra58/SRR/006290/SRR6441600	SRX3532853	NA	RNA-Seq	cDNA	TRANSCRIPTOMIC	SINGLE	0	0	ILLUMINA	Illumina HiSeq 2500	SRP128065	PRJNA428526	2	428526	SRS2808287	SAMN08294580	simple	4932	Saccharomyces cerevisiae	GSM2913138	NA	NA	NA	NA	NA	NA	no	NA	NA	NA	NA	GEO	SRA644031	NA	public	5AA0552D34502869EE13A17F459DEA12	3025538DB0AC5F14A2D2DFB2594DF4C4	0hr fps	riboseq
SRR6441601	2018-02-22 16:42:06	2018-01-04 18:28:59	18596022	929801100	0	50	381	NA	https://sra-download.ncbi.nlm.nih.gov/traces/sra57/SRR/006290/SRR6441601	SRX3532853	NA	RNA-Seq	cDNA	TRANSCRIPTOMIC	SINGLE	0	0	ILLUMINA	Illumina HiSeq 2500	SRP128065	PRJNA428526	2	428526	SRS2808287	SAMN08294580	simple	4932	Saccharomyces cerevisiae	GSM2913138	NA	NA	NA	NA	NA	NA	no	NA	NA	NA	NA	GEO	SRA644031	NA	public	A396776EC26F3A9BC16903914F2B3401	70D5A0981B1335BCFBABD2DD7E3F2C3B	0hr fps	riboseq
SRR6441602	2018-02-22 16:42:06	2018-01-04 18:27:06	11608778	580438900	0	50	215	NA	https://sra-download.ncbi.nlm.nih.gov/traces/sra57/SRR/006290/SRR6441602	SRX3532853	NA	RNA-Seq	cDNA	TRANSCRIPTOMIC	SINGLE	0	0	ILLUMINA	Illumina HiSeq 2500	SRP128065	PRJNA428526	2	428526	SRS2808287	SAMN08294580	simple	4932	Saccharomyces cerevisiae	GSM2913138	NA	NA	NA	NA	NA	NA	no	NA	NA	NA	NA	GEO	SRA644031	NA	public	48231A12B7600DE4CE3259E87922F04C	3A43C832F81C7D47A67E11362A5DD582	0hr fps	riboseq
SRR6441603	2018-02-22 16:42:06	2018-01-04 18:28:51	14749079	737453950	0	50	276	NA	https://sra-download.ncbi.nlm.nih.gov/traces/sra57/SRR/006290/SRR6441603	SRX3532854	NA	RNA-Seq	cDNA	TRANSCRIPTOMIC	SINGLE	0	0	ILLUMINA	Illumina HiSeq 2500	SRP128065	PRJNA428526	2	428526	SRS2808288	SAMN08294579	simple	4932	Saccharomyces cerevisiae	GSM2913139	NA	NA	NA	NA	NA	NA	no	NA	NA	NA	NA	GEO	SRA644031	NA	public	E4EFF93A2461D73F7E8F9DA4BF0A9166	9695241F608006C6F6938C765C56A272	1.5hr fps	riboseq
SRR6441604	2018-02-22 16:42:06	2018-01-04 18:30:32	21867473	1115241123	0	51	464	NA	https://sra-download.ncbi.nlm.nih.gov/traces/sra57/SRR/006290/SRR6441604	SRX3532854	NA	RNA-Seq	cDNA	TRANSCRIPTOMIC	SINGLE	0	0	ILLUMINA	Illumina HiSeq 2500	SRP128065	PRJNA428526	2	428526	SRS2808288	SAMN08294579	simple	4932	Saccharomyces cerevisiae	GSM2913139	NA	NA	NA	NA	NA	NA	no	NA	NA	NA	NA	GEO	SRA644031	NA	public	F6F691E5D24C3B43C66607D1E67A9286	29A71C0F00D80813CA4761ABF27A48C0	1.5hr fps	riboseq
SRR6441605	2018-02-22 16:42:06	2018-01-04 18:39:56	22129413	1128600063	0	51	472	NA	https://sra-download.ncbi.nlm.nih.gov/traces/sra57/SRR/006290/SRR6441605	SRX3532854	NA	RNA-Seq	cDNA	TRANSCRIPTOMIC	SINGLE	0	0	ILLUMINA	Illumina HiSeq 2500	SRP128065	PRJNA428526	2	428526	SRS2808288	SAMN08294579	simple	4932	Saccharomyces cerevisiae	GSM2913139	NA	NA	NA	NA	NA	NA	no	NA	NA	NA	NA	GEO	SRA644031	NA	public	3595695F9AFA7F3CB8177B071E0E8D86	EDAD4D4778B1CD5B81E2B9AB71326657	1.5hr fps	riboseq
SRR6441606	2018-02-22 16:42:06	2018-01-04 18:31:19	24600979	1254649929	0	51	522	NA	https://sra-download.ncbi.nlm.nih.gov/traces/sra57/SRR/006290/SRR6441606	SRX3532855	NA	RNA-Seq	cDNA	TRANSCRIPTOMIC	SINGLE	0	0	ILLUMINA	Illumina HiSeq 2500	SRP128065	PRJNA428526	2	428526	SRS2808289	SAMN08294582	simple	4932	Saccharomyces cerevisiae	GSM2913140	NA	NA	NA	NA	NA	NA	no	NA	NA	NA	NA	GEO	SRA644031	NA	public	28653A6D766B9690D09FAB1BF3AD8889	44CDE0B9D4961FD4588B38213EB0B475	3hr fps	riboseq
SRR6441607	2018-02-22 16:42:06	2018-01-04 18:31:16	24870155	1268377905	0	51	530	NA	https://sra-download.ncbi.nlm.nih.gov/traces/sra57/SRR/006290/SRR6441607	SRX3532855	NA	RNA-Seq	cDNA	TRANSCRIPTOMIC	SINGLE	0	0	ILLUMINA	Illumina HiSeq 2500	SRP128065	PRJNA428526	2	428526	SRS2808289	SAMN08294582	simple	4932	Saccharomyces cerevisiae	GSM2913140	NA	NA	NA	NA	NA	NA	no	NA	NA	NA	NA	GEO	SRA644031	NA	public	E4C4116CBD9021640EA21FB75F9ECA70	E5FCA2E966388927EC947732B02351A8	3hr fps	riboseq
SRR6441608	2018-02-22 16:42:06	2018-01-04 18:29:46	16942172	847108600	0	50	317	NA	https://sra-download.ncbi.nlm.nih.gov/traces/sra57/SRR/006290/SRR6441608	SRX3532855	NA	RNA-Seq	cDNA	TRANSCRIPTOMIC	SINGLE	0	0	ILLUMINA	Illumina HiSeq 2500	SRP128065	PRJNA428526	2	428526	SRS2808289	SAMN08294582	simple	4932	Saccharomyces cerevisiae	GSM2913140	NA	NA	NA	NA	NA	NA	no	NA	NA	NA	NA	GEO	SRA644031	NA	public	FB02473DB8C196019EEDC629531BA71F	716FC9F74F555A01F1D17940FCC325FF	3hr fps	riboseq
SRR6441609	2018-02-22 16:42:06	2018-01-04 18:50:54	47994197	2399709850	0	50	944	NA	https://sra-download.ncbi.nlm.nih.gov/traces/sra57/SRR/006290/SRR6441609	SRX3532856	NA	RNA-Seq	cDNA	TRANSCRIPTOMIC	SINGLE	0	0	ILLUMINA	Illumina HiSeq 2500	SRP128065	PRJNA428526	2	428526	SRS2808290	SAMN08294578	simple	4932	Saccharomyces cerevisiae	GSM2913141	NA	NA	NA	NA	NA	NA	no	NA	NA	NA	NA	GEO	SRA644031	NA	public	2EA8CBEC017B41B7CFF736FF8A7EFA36	B4E5469EC7FE98C7C930A63BF18A70B9	4.5hr fps	riboseq
SRR6441610	2018-02-22 16:42:06	2018-01-04 18:26:53	7129478	356473900	0	50	134	NA	https://sra-download.ncbi.nlm.nih.gov/traces/sra57/SRR/006290/SRR6441610	SRX3532856	NA	RNA-Seq	cDNA	TRANSCRIPTOMIC	SINGLE	0	0	ILLUMINA	Illumina HiSeq 2500	SRP128065	PRJNA428526	2	428526	SRS2808290	SAMN08294578	simple	4932	Saccharomyces cerevisiae	GSM2913141	NA	NA	NA	NA	NA	NA	no	NA	NA	NA	NA	GEO	SRA644031	NA	public	449D2105F0CB71FCE7D1375817AFB79A	A317E2100A5EC1DC020EE0080891583D	4.5hr fps	riboseq
SRR6441611	2018-02-22 16:42:06	2018-01-04 18:27:22	10334739	527071689	0	51	220	NA	https://sra-download.ncbi.nlm.nih.gov/traces/sra57/SRR/006290/SRR6441611	SRX3532856	NA	RNA-Seq	cDNA	TRANSCRIPTOMIC	SINGLE	0	0	ILLUMINA	Illumina HiSeq 2500	SRP128065	PRJNA428526	2	428526	SRS2808290	SAMN08294578	simple	4932	Saccharomyces cerevisiae	GSM2913141	NA	NA	NA	NA	NA	NA	no	NA	NA	NA	NA	GEO	SRA644031	NA	public	99A18DBC7820411747EA36BBBE39F5D1	12338AB8B12BF84384AFED082FBD5AA8	4.5hr fps	riboseq
SRR6441612	2018-02-22 16:42:06	2018-01-04 18:28:43	10454677	533188527	0	51	224	NA	https://sra-download.ncbi.nlm.nih.gov/traces/sra57/SRR/006290/SRR6441612	SRX3532856	NA	RNA-Seq	cDNA	TRANSCRIPTOMIC	SINGLE	0	0	ILLUMINA	Illumina HiSeq 2500	SRP128065	PRJNA428526	2	428526	SRS2808290	SAMN08294578	simple	4932	Saccharomyces cerevisiae	GSM2913141	NA	NA	NA	NA	NA	NA	no	NA	NA	NA	NA	GEO	SRA644031	NA	public	3597F6E1525F619B609D95D34CE12C1D	865AF0911AECDD8442CFA3D36E627DAE	4.5hr fps	riboseq
SRR6441613	2018-02-22 16:42:06	2018-01-04 18:30:23	16566893	844911543	0	51	351	NA	https://sra-download.ncbi.nlm.nih.gov/traces/sra57/SRR/006290/SRR6441613	SRX3532857	NA	RNA-Seq	cDNA	TRANSCRIPTOMIC	SINGLE	0	0	ILLUMINA	Illumina HiSeq 2500	SRP128065	PRJNA428526	2	428526	SRS2808291	SAMN08294577	simple	4932	Saccharomyces cerevisiae	GSM2913142	NA	NA	NA	NA	NA	NA	no	NA	NA	NA	NA	GEO	SRA644031	NA	public	DADA7F6A15013485293B2DC3BAB714F4	024DCF4DBFDA7FB0C612A858726D01A0	6hr fps	riboseq
SRR6441614	2018-02-22 16:42:06	2018-01-04 18:30:06	16746560	854074560	0	51	357	NA	https://sra-download.ncbi.nlm.nih.gov/traces/sra57/SRR/006290/SRR6441614	SRX3532857	NA	RNA-Seq	cDNA	TRANSCRIPTOMIC	SINGLE	0	0	ILLUMINA	Illumina HiSeq 2500	SRP128065	PRJNA428526	2	428526	SRS2808291	SAMN08294577	simple	4932	Saccharomyces cerevisiae	GSM2913142	NA	NA	NA	NA	NA	NA	no	NA	NA	NA	NA	GEO	SRA644031	NA	public	7F26B4B702CD32106F4EE23E61F6D884	33891ED23A2BD63A44E73B2EE972C7BC	6hr fps	riboseq
SRR6441615	2018-02-22 16:42:06	2018-01-04 18:28:24	11395405	569770250	0	50	212	NA	https://sra-download.ncbi.nlm.nih.gov/traces/sra57/SRR/006290/SRR6441615	SRX3532857	NA	RNA-Seq	cDNA	TRANSCRIPTOMIC	SINGLE	0	0	ILLUMINA	Illumina HiSeq 2500	SRP128065	PRJNA428526	2	428526	SRS2808291	SAMN08294577	simple	4932	Saccharomyces cerevisiae	GSM2913142	NA	NA	NA	NA	NA	NA	no	NA	NA	NA	NA	GEO	SRA644031	NA	public	F7CDF0F93EC445DE4DCFF1CA7443C941	E08F4CA27F8D2B3B9B1EEB5754DCC48C	6hr fps	riboseq
SRR6441616	2018-02-22 16:42:06	2018-01-04 18:30:34	19438833	991380483	0	51	409	NA	https://sra-download.ncbi.nlm.nih.gov/traces/sra57/SRR/006290/SRR6441616	SRX3532858	NA	RNA-Seq	cDNA	TRANSCRIPTOMIC	SINGLE	0	0	ILLUMINA	Illumina HiSeq 2500	SRP128065	PRJNA428526	2	428526	SRS2808292	SAMN08294576	simple	4932	Saccharomyces cerevisiae	GSM2913143	NA	NA	NA	NA	NA	NA	no	NA	NA	NA	NA	GEO	SRA644031	NA	public	F6B556BA9614FBE55FF02F8CDC9A64B8	B0579C3F654D242AFF3F53C6F729FB66	8hr fps	riboseq
SRR6441617	2018-02-22 16:42:06	2018-01-04 18:30:12	19676710	1003512210	0	51	416	NA	https://sra-download.ncbi.nlm.nih.gov/traces/sra58/SRR/006290/SRR6441617	SRX3532858	NA	RNA-Seq	cDNA	TRANSCRIPTOMIC	SINGLE	0	0	ILLUMINA	Illumina HiSeq 2500	SRP128065	PRJNA428526	2	428526	SRS2808292	SAMN08294576	simple	4932	Saccharomyces cerevisiae	GSM2913143	NA	NA	NA	NA	NA	NA	no	NA	NA	NA	NA	GEO	SRA644031	NA	public	82A825AD2F4720ABFA3791E8122CFBF1	64C4632FFDF2BF91F6B8D29DD16249E2	8hr fps	riboseq
SRR6441618	2018-02-22 16:42:06	2018-01-04 18:28:35	13331372	666568600	0	50	246	NA	https://sra-download.ncbi.nlm.nih.gov/traces/sra57/SRR/006290/SRR6441618	SRX3532858	NA	RNA-Seq	cDNA	TRANSCRIPTOMIC	SINGLE	0	0	ILLUMINA	Illumina HiSeq 2500	SRP128065	PRJNA428526	2	428526	SRS2808292	SAMN08294576	simple	4932	Saccharomyces cerevisiae	GSM2913143	NA	NA	NA	NA	NA	NA	no	NA	NA	NA	NA	GEO	SRA644031	NA	public	2843F3EBE3A456E0B06D14162A21C3B2	DCA03D72FC43462EE1DE8446F4C51E8F	8hr fps	riboseq
SRR6441619	2018-02-22 16:42:06	2018-01-04 18:31:02	16302335	831419085	0	51	346	NA	https://sra-download.ncbi.nlm.nih.gov/traces/sra57/SRR/006290/SRR6441619	SRX3532859	NA	RNA-Seq	cDNA	TRANSCRIPTOMIC	SINGLE	0	0	ILLUMINA	Illumina HiSeq 2500	SRP128065	PRJNA428526	2	428526	SRS2808293	SAMN08294575	simple	4932	Saccharomyces cerevisiae	GSM2913144	NA	NA	NA	NA	NA	NA	no	NA	NA	NA	NA	GEO	SRA644031	NA	public	64374D4219935C5D23859663CA4781AD	BF5D00A73234158DC2084C7C1044EC08	10hr fps	riboseq
SRR6441620	2018-02-22 16:42:06	2018-01-04 18:30:20	16481449	840553899	0	51	352	NA	https://sra-download.ncbi.nlm.nih.gov/traces/sra57/SRR/006290/SRR6441620	SRX3532859	NA	RNA-Seq	cDNA	TRANSCRIPTOMIC	SINGLE	0	0	ILLUMINA	Illumina HiSeq 2500	SRP128065	PRJNA428526	2	428526	SRS2808293	SAMN08294575	simple	4932	Saccharomyces cerevisiae	GSM2913144	NA	NA	NA	NA	NA	NA	no	NA	NA	NA	NA	GEO	SRA644031	NA	public	6B0477E04B1851358CD78ABA040BF5B3	75B82FB1C94BF6C08AB4CCCB2C7B71F5	10hr fps	riboseq
SRR6441621	2018-02-22 16:42:06	2018-01-04 18:28:46	11416574	570828700	0	50	214	NA	https://sra-download.ncbi.nlm.nih.gov/traces/sra57/SRR/006290/SRR6441621	SRX3532859	NA	RNA-Seq	cDNA	TRANSCRIPTOMIC	SINGLE	0	0	ILLUMINA	Illumina HiSeq 2500	SRP128065	PRJNA428526	2	428526	SRS2808293	SAMN08294575	simple	4932	Saccharomyces cerevisiae	GSM2913144	NA	NA	NA	NA	NA	NA	no	NA	NA	NA	NA	GEO	SRA644031	NA	public	7E9E1E6EDE53027131A2C201C4ACE84A	1D3B537D5B28FB34827FEFE2D8BA4A15	10hr fps	riboseq
SRR6441622	2018-02-22 16:42:06	2018-01-04 18:32:41	24668300	1233415000	0	50	514	NA	https://sra-download.ncbi.nlm.nih.gov/traces/sra57/SRR/006290/SRR6441622	SRX3532860	NA	RNA-Seq	cDNA	TRANSCRIPTOMIC	SINGLE	0	0	ILLUMINA	Illumina HiSeq 2500	SRP128065	PRJNA428526	2	428526	SRS2808294	SAMN08294574	simple	4932	Saccharomyces cerevisiae	GSM2913145	NA	NA	NA	NA	NA	NA	no	NA	NA	NA	NA	GEO	SRA644031	NA	public	4BF5339BAE9D474EAFF32D6F6AE40BBD	B16111456D69994D9844F082D0798DA6	spore fps	riboseq
SRR6441623	2018-02-22 16:42:06	2018-01-04 18:28:14	12453693	622684650	0	50	251	NA	https://sra-download.ncbi.nlm.nih.gov/traces/sra57/SRR/006290/SRR6441623	SRX3532860	NA	RNA-Seq	cDNA	TRANSCRIPTOMIC	SINGLE	0	0	ILLUMINA	Illumina HiSeq 2500	SRP128065	PRJNA428526	2	428526	SRS2808294	SAMN08294574	simple	4932	Saccharomyces cerevisiae	GSM2913145	NA	NA	NA	NA	NA	NA	no	NA	NA	NA	NA	GEO	SRA644031	NA	public	EC8954A8DB9B6861FF2368E5AFF2EE8A	504A7843A08D7813A68FEAE0631B04D0	spore fps	riboseq
SRR6441624	2018-02-22 16:42:06	2018-01-04 18:30:10	17374283	886088433	0	51	386	NA	https://sra-download.ncbi.nlm.nih.gov/traces/sra57/SRR/006290/SRR6441624	SRX3532860	NA	RNA-Seq	cDNA	TRANSCRIPTOMIC	SINGLE	0	0	ILLUMINA	Illumina HiSeq 2500	SRP128065	PRJNA428526	2	428526	SRS2808294	SAMN08294574	simple	4932	Saccharomyces cerevisiae	GSM2913145	NA	NA	NA	NA	NA	NA	no	NA	NA	NA	NA	GEO	SRA644031	NA	public	D7985A605ADF725CE06C6D7E80781734	91710718863303E9331241BC757D88D9	spore fps	riboseq
SRR6441625	2018-02-22 16:42:06	2018-01-04 18:30:32	17519170	893477670	0	51	391	NA	https://sra-download.ncbi.nlm.nih.gov/traces/sra57/SRR/006290/SRR6441625	SRX3532860	NA	RNA-Seq	cDNA	TRANSCRIPTOMIC	SINGLE	0	0	ILLUMINA	Illumina HiSeq 2500	SRP128065	PRJNA428526	2	428526	SRS2808294	SAMN08294574	simple	4932	Saccharomyces cerevisiae	GSM2913145	NA	NA	NA	NA	NA	NA	no	NA	NA	NA	NA	GEO	SRA644031	NA	public	233432A5B797EE87D85DF1919CA7BEED	604EAC0F9A75D3914E8AE88C77A58B82	spore fps	riboseq
SRR6441626	2018-02-22 16:42:06	2018-01-04 18:31:21	24130613	1230661263	0	51	513	NA	https://sra-download.ncbi.nlm.nih.gov/traces/sra57/SRR/006290/SRR6441626	SRX3532861	NA	RNA-Seq	cDNA	TRANSCRIPTOMIC	SINGLE	0	0	ILLUMINA	Illumina HiSeq 2500	SRP128065	PRJNA428526	2	428526	SRS2808295	SAMN08294573	simple	4932	Saccharomyces cerevisiae	GSM2913146	NA	NA	NA	NA	NA	NA	no	NA	NA	NA	NA	GEO	SRA644031	NA	public	2C0BDB86B9C41360846134FADA2240AE	DD2FFCAE24254869B3BA897C79A09869	MATa/a 4.5hr fps	riboseq
SRR6441627	2018-02-22 16:42:06	2018-01-04 18:32:10	24434194	1246143894	0	51	522	NA	https://sra-download.ncbi.nlm.nih.gov/traces/sra57/SRR/006290/SRR6441627	SRX3532861	NA	RNA-Seq	cDNA	TRANSCRIPTOMIC	SINGLE	0	0	ILLUMINA	Illumina HiSeq 2500	SRP128065	PRJNA428526	2	428526	SRS2808295	SAMN08294573	simple	4932	Saccharomyces cerevisiae	GSM2913146	NA	NA	NA	NA	NA	NA	no	NA	NA	NA	NA	GEO	SRA644031	NA	public	B16CA41DA9A986018788D43007FB9324	66F8B72DAABC5BDBF3853AE51479AD24	MATa/a 4.5hr fps	riboseq
SRR6441628	2018-02-22 16:42:06	2018-01-04 18:29:11	16416233	820811650	0	50	308	NA	https://sra-download.ncbi.nlm.nih.gov/traces/sra58/SRR/006290/SRR6441628	SRX3532861	NA	RNA-Seq	cDNA	TRANSCRIPTOMIC	SINGLE	0	0	ILLUMINA	Illumina HiSeq 2500	SRP128065	PRJNA428526	2	428526	SRS2808295	SAMN08294573	simple	4932	Saccharomyces cerevisiae	GSM2913146	NA	NA	NA	NA	NA	NA	no	NA	NA	NA	NA	GEO	SRA644031	NA	public	F866A39418749EDCABE80ADB6BBF97D3	3813A3D18A28C3F323CA2ECE3CD4EB24	MATa/a 4.5hr fps	riboseq
SRR6441629	2018-02-22 16:42:06	2018-01-04 18:35:18	34952844	1782595044	0	51	655	NA	https://sra-download.ncbi.nlm.nih.gov/traces/sra58/SRR/006290/SRR6441629	SRX3532862	NA	RNA-Seq	cDNA	TRANSCRIPTOMIC	SINGLE	0	0	ILLUMINA	Illumina HiSeq 2500	SRP128065	PRJNA428526	2	428526	SRS2808296	SAMN08294572	simple	4932	Saccharomyces cerevisiae	GSM2913147	NA	NA	NA	NA	NA	NA	no	NA	NA	NA	NA	GEO	SRA644031	NA	public	04C1449B5A8E3AF358210F4824CB22D4	A9907EB78C9F4704F5CC632E65C4B9D4	vegetative exponential mrna	rnaseq
SRR6441630	2018-02-22 16:42:06	2018-01-04 18:27:22	11467371	584835921	0	51	301	NA	https://sra-download.ncbi.nlm.nih.gov/traces/sra57/SRR/006290/SRR6441630	SRX3532863	NA	RNA-Seq	cDNA	TRANSCRIPTOMIC	SINGLE	0	0	ILLUMINA	Illumina HiSeq 2500	SRP128065	PRJNA428526	2	428526	SRS2808297	SAMN08294571	simple	4932	Saccharomyces cerevisiae	GSM2913148	NA	NA	NA	NA	NA	NA	no	NA	NA	NA	NA	GEO	SRA644031	NA	public	5FA3BB418404D79A06C41EE688AFDE3E	895A8B9FDA6E20322DEB917EAF5D6E45	0hr mrna	rnaseq
SRR6441631	2018-02-22 16:42:06	2018-01-04 18:27:08	11462410	584582910	0	51	303	NA	https://sra-download.ncbi.nlm.nih.gov/traces/sra57/SRR/006290/SRR6441631	SRX3532863	NA	RNA-Seq	cDNA	TRANSCRIPTOMIC	SINGLE	0	0	ILLUMINA	Illumina HiSeq 2500	SRP128065	PRJNA428526	2	428526	SRS2808297	SAMN08294571	simple	4932	Saccharomyces cerevisiae	GSM2913148	NA	NA	NA	NA	NA	NA	no	NA	NA	NA	NA	GEO	SRA644031	NA	public	7E22A3E508FD78906B375E857F8FD7FC	6C96AA5961F1C4AFEA525EA23C92451C	0hr mrna	rnaseq
SRR6441632	2018-02-22 16:42:06	2018-01-04 18:32:17	27242771	1362138550	0	50	514	NA	https://sra-download.ncbi.nlm.nih.gov/traces/sra58/SRR/006290/SRR6441632	SRX3532863	NA	RNA-Seq	cDNA	TRANSCRIPTOMIC	SINGLE	0	0	ILLUMINA	Illumina HiSeq 2500	SRP128065	PRJNA428526	2	428526	SRS2808297	SAMN08294571	simple	4932	Saccharomyces cerevisiae	GSM2913148	NA	NA	NA	NA	NA	NA	no	NA	NA	NA	NA	GEO	SRA644031	NA	public	FEDA33B5C680C47684338D74164BFEDD	907DE1CA3EF50E24AA56091E7043C64A	0hr mrna	rnaseq
SRR6441633	2018-02-22 16:42:06	2018-01-04 18:28:22	10162109	508105450	0	50	198	NA	https://sra-download.ncbi.nlm.nih.gov/traces/sra57/SRR/006290/SRR6441633	SRX3532864	NA	RNA-Seq	cDNA	TRANSCRIPTOMIC	SINGLE	0	0	ILLUMINA	Illumina HiSeq 2500	SRP128065	PRJNA428526	2	428526	SRS2808298	SAMN08294570	simple	4932	Saccharomyces cerevisiae	GSM2913149	NA	NA	NA	NA	NA	NA	no	NA	NA	NA	NA	GEO	SRA644031	NA	public	11E6EE20A677A692EB9DF3F88BC1C372	EB4BEBCC4EB802F22BF715A2992EB80B	1.5hr mrna	rnaseq
SRR6441634	2018-02-22 16:42:06	2018-01-04 18:28:28	8602940	430147000	0	50	160	NA	https://sra-download.ncbi.nlm.nih.gov/traces/sra58/SRR/006290/SRR6441634	SRX3532864	NA	RNA-Seq	cDNA	TRANSCRIPTOMIC	SINGLE	0	0	ILLUMINA	Illumina HiSeq 2500	SRP128065	PRJNA428526	2	428526	SRS2808298	SAMN08294570	simple	4932	Saccharomyces cerevisiae	GSM2913149	NA	NA	NA	NA	NA	NA	no	NA	NA	NA	NA	GEO	SRA644031	NA	public	C4EF7FF0AC3671FF2688D733C70B4C78	03EE72C4334EDDA80F2414DC089EDA59	1.5hr mrna	rnaseq
SRR6441635	2018-02-22 16:42:06	2018-01-04 18:31:53	20632678	1031633900	0	50	387	NA	https://sra-download.ncbi.nlm.nih.gov/traces/sra57/SRR/006290/SRR6441635	SRX3532865	NA	RNA-Seq	cDNA	TRANSCRIPTOMIC	SINGLE	0	0	ILLUMINA	Illumina HiSeq 2500	SRP128065	PRJNA428526	2	428526	SRS2808299	SAMN08294569	simple	4932	Saccharomyces cerevisiae	GSM2913150	NA	NA	NA	NA	NA	NA	no	NA	NA	NA	NA	GEO	SRA644031	NA	public	B557252700AF78DBDD4009E29F3EA97E	BF107D754B574D87C332488C67B953EB	3hr mrna	rnaseq
SRR6441636	2018-02-22 16:42:06	2018-01-04 18:29:46	14933419	746670950	0	50	282	NA	https://sra-download.ncbi.nlm.nih.gov/traces/sra58/SRR/006290/SRR6441636	SRX3532866	NA	RNA-Seq	cDNA	TRANSCRIPTOMIC	SINGLE	0	0	ILLUMINA	Illumina HiSeq 2500	SRP128065	PRJNA428526	2	428526	SRS2808300	SAMN08294568	simple	4932	Saccharomyces cerevisiae	GSM2913151	NA	NA	NA	NA	NA	NA	no	NA	NA	NA	NA	GEO	SRA644031	NA	public	DADEAE13AA2629A9D46817838186B130	1A02FCBA85306F4ABBCB60FE4A276AFA	4.5hr mrna	rnaseq
SRR6441637	2018-02-22 16:42:06	2018-01-04 18:28:58	10891521	544576050	0	50	205	NA	https://sra-download.ncbi.nlm.nih.gov/traces/sra57/SRR/006290/SRR6441637	SRX3532867	NA	RNA-Seq	cDNA	TRANSCRIPTOMIC	SINGLE	0	0	ILLUMINA	Illumina HiSeq 2500	SRP128065	PRJNA428526	2	428526	SRS2808301	SAMN08294566	simple	4932	Saccharomyces cerevisiae	GSM2913152	NA	NA	NA	NA	NA	NA	no	NA	NA	NA	NA	GEO	SRA644031	NA	public	3BCC50D06E159BD4FAAA2E5649E31013	3233A98FD4B9FA21726247F7DDAEA7CB	6hr mrna	rnaseq
SRR6441638	2018-02-22 16:42:06	2018-01-04 18:30:37	15500277	775013850	0	50	295	NA	https://sra-download.ncbi.nlm.nih.gov/traces/sra58/SRR/006290/SRR6441638	SRX3532868	NA	RNA-Seq	cDNA	TRANSCRIPTOMIC	SINGLE	0	0	ILLUMINA	Illumina HiSeq 2500	SRP128065	PRJNA428526	2	428526	SRS2808302	SAMN08294565	simple	4932	Saccharomyces cerevisiae	GSM2913153	NA	NA	NA	NA	NA	NA	no	NA	NA	NA	NA	GEO	SRA644031	NA	public	2A30A63BBFA59E26073722521D818216	8CED52CF67A9A3A18FD05282D5478825	8hr mrna	rnaseq
SRR6441639	2018-02-22 16:42:06	2018-01-04 18:29:42	13521281	676064050	0	50	254	NA	https://sra-download.ncbi.nlm.nih.gov/traces/sra57/SRR/006290/SRR6441639	SRX3532869	NA	RNA-Seq	cDNA	TRANSCRIPTOMIC	SINGLE	0	0	ILLUMINA	Illumina HiSeq 2500	SRP128065	PRJNA428526	2	428526	SRS2808303	SAMN08294564	simple	4932	Saccharomyces cerevisiae	GSM2913154	NA	NA	NA	NA	NA	NA	no	NA	NA	NA	NA	GEO	SRA644031	NA	public	F5E5C20BDCC3EED996F1EDA2E4494D58	22EAC4D6CE1CE4248FF1D2E461A68DBC	10hr mrna	rnaseq
SRR6441640	2018-02-22 16:42:06	2018-01-04 18:29:15	9518133	475906650	0	50	182	NA	https://sra-download.ncbi.nlm.nih.gov/traces/sra58/SRR/006290/SRR6441640	SRX3532870	NA	RNA-Seq	cDNA	TRANSCRIPTOMIC	SINGLE	0	0	ILLUMINA	Illumina HiSeq 2500	SRP128065	PRJNA428526	2	428526	SRS2808304	SAMN08294567	simple	4932	Saccharomyces cerevisiae	GSM2913155	NA	NA	NA	NA	NA	NA	no	NA	NA	NA	NA	GEO	SRA644031	NA	public	4B068753D3F901DBB6BCC0A61FDC8A8F	08C547D92250C74A98A36ACFDEDF301A	spore mrna	rnaseq
SRR6441641	2018-02-22 16:42:06	2018-01-04 18:28:00	7079653	353982650	0	50	134	NA	https://sra-download.ncbi.nlm.nih.gov/traces/sra57/SRR/006290/SRR6441641	SRX3532871	NA	RNA-Seq	cDNA	TRANSCRIPTOMIC	SINGLE	0	0	ILLUMINA	Illumina HiSeq 2500	SRP128065	PRJNA428526	2	428526	SRS2808305	SAMN08294617	simple	4932	Saccharomyces cerevisiae	GSM2913156	NA	NA	NA	NA	NA	NA	no	NA	NA	NA	NA	GEO	SRA644031	NA	public	13DAF7B2BE2698240D40A036ED57D785	D2B35991E09842C45CE58A75F1C0005E	MATa/a 4.5hr mrna	rnaseq
SRR6441642	2018-02-22 16:42:06	2018-01-04 18:54:15	151590137	7731096987	0	51	3724	NA	https://sra-download.ncbi.nlm.nih.gov/traces/sra57/SRR/006290/SRR6441642	SRX3532872	NA	RNA-Seq	cDNA	TRANSCRIPTOMIC	SINGLE	0	0	ILLUMINA	Illumina HiSeq 2500	SRP128065	PRJNA428526	2	428526	SRS2808306	SAMN08294616	simple	4932	Saccharomyces cerevisiae	GSM2913157	NA	NA	NA	NA	NA	NA	no	NA	NA	NA	NA	GEO	SRA644031	NA	public	8569608EE6509F4B98B8607138D5DF9C	7FDC273BDE50B74C69267F4080E09242	vegetative exponential mrna from totRNA-seq	rnaseq
SRR6441643	2018-02-22 16:42:06	2018-01-04 18:35:18	30674573	1533728650	0	50	611	NA	https://sra-download.ncbi.nlm.nih.gov/traces/sra57/SRR/006290/SRR6441643	SRX3532873	NA	RNA-Seq	cDNA	TRANSCRIPTOMIC	SINGLE	0	0	ILLUMINA	Illumina HiSeq 2500	SRP128065	PRJNA428526	2	428526	SRS2808307	SAMN08294615	simple	4932	Saccharomyces cerevisiae	GSM2913158	NA	NA	NA	NA	NA	NA	no	NA	NA	NA	NA	GEO	SRA644031	NA	public	A4C4FA69D87B53BB2B3161ADEDD335CC	A2A0C95E0F3EC61021D850DF4569F57E	0hr mrna from totRNA-seq	rnaseq
SRR6441644	2018-02-22 16:42:06	2018-01-04 18:40:25	36092695	1804634750	0	50	740	NA	https://sra-download.ncbi.nlm.nih.gov/traces/sra57/SRR/006290/SRR6441644	SRX3532873	NA	RNA-Seq	cDNA	TRANSCRIPTOMIC	SINGLE	0	0	ILLUMINA	Illumina HiSeq 2500	SRP128065	PRJNA428526	2	428526	SRS2808307	SAMN08294615	simple	4932	Saccharomyces cerevisiae	GSM2913158	NA	NA	NA	NA	NA	NA	no	NA	NA	NA	NA	GEO	SRA644031	NA	public	96A75632477C695F0CE8339838BD4E42	6ADB970462A6E1955E3165C1A510FA9B	0hr mrna from totRNA-seq	rnaseq
SRR6441645	2018-02-22 16:42:06	2018-01-04 18:36:51	36277687	1813884350	0	50	746	NA	https://sra-download.ncbi.nlm.nih.gov/traces/sra57/SRR/006290/SRR6441645	SRX3532873	NA	RNA-Seq	cDNA	TRANSCRIPTOMIC	SINGLE	0	0	ILLUMINA	Illumina HiSeq 2500	SRP128065	PRJNA428526	2	428526	SRS2808307	SAMN08294615	simple	4932	Saccharomyces cerevisiae	GSM2913158	NA	NA	NA	NA	NA	NA	no	NA	NA	NA	NA	GEO	SRA644031	NA	public	58339DA5881BF0472B3949144458F704	F6BDBCDD7B644BF38F39C0DBF5720C17	0hr mrna from totRNA-seq	rnaseq
SRR6441646	2018-02-22 16:42:06	2018-01-04 18:35:47	34965438	1748271900	0	50	688	NA	https://sra-download.ncbi.nlm.nih.gov/traces/sra57/SRR/006290/SRR6441646	SRX3532874	NA	RNA-Seq	cDNA	TRANSCRIPTOMIC	SINGLE	0	0	ILLUMINA	Illumina HiSeq 2500	SRP128065	PRJNA428526	2	428526	SRS2808308	SAMN08294614	simple	4932	Saccharomyces cerevisiae	GSM2913159	NA	NA	NA	NA	NA	NA	no	NA	NA	NA	NA	GEO	SRA644031	NA	public	19DE1EF831ED83D4E57FC8480A8FEE94	386D77B451F1385CF29BD3A8AAC26E36	1.5hr mrna from totRNA-seq	rnaseq
SRR6441647	2018-02-22 16:42:06	2018-01-04 18:40:15	40791770	2039588500	0	50	829	NA	https://sra-download.ncbi.nlm.nih.gov/traces/sra57/SRR/006290/SRR6441647	SRX3532874	NA	RNA-Seq	cDNA	TRANSCRIPTOMIC	SINGLE	0	0	ILLUMINA	Illumina HiSeq 2500	SRP128065	PRJNA428526	2	428526	SRS2808308	SAMN08294614	simple	4932	Saccharomyces cerevisiae	GSM2913159	NA	NA	NA	NA	NA	NA	no	NA	NA	NA	NA	GEO	SRA644031	NA	public	14E4A56431B8CCD575EF8A60C10A9A03	0114BBA357716C8D6A89AA1BC46DA1A5	1.5hr mrna from totRNA-seq	rnaseq
SRR6441648	2018-02-22 16:42:06	2018-01-04 18:38:05	41022556	2051127800	0	50	836	NA	https://sra-download.ncbi.nlm.nih.gov/traces/sra57/SRR/006290/SRR6441648	SRX3532874	NA	RNA-Seq	cDNA	TRANSCRIPTOMIC	SINGLE	0	0	ILLUMINA	Illumina HiSeq 2500	SRP128065	PRJNA428526	2	428526	SRS2808308	SAMN08294614	simple	4932	Saccharomyces cerevisiae	GSM2913159	NA	NA	NA	NA	NA	NA	no	NA	NA	NA	NA	GEO	SRA644031	NA	public	0DDF6565182660D83B55E6BE7681E0A6	C295FDEF623E3D6C67993A92C2279F6E	1.5hr mrna from totRNA-seq	rnaseq
SRR6441649	2018-02-22 16:42:06	2018-01-04 18:34:18	26569659	1328482950	0	50	528	NA	https://sra-download.ncbi.nlm.nih.gov/traces/sra57/SRR/006290/SRR6441649	SRX3532875	NA	RNA-Seq	cDNA	TRANSCRIPTOMIC	SINGLE	0	0	ILLUMINA	Illumina HiSeq 2500	SRP128065	PRJNA428526	2	428526	SRS2808309	SAMN08294613	simple	4932	Saccharomyces cerevisiae	GSM2913160	NA	NA	NA	NA	NA	NA	no	NA	NA	NA	NA	GEO	SRA644031	NA	public	381D529C04B8A955E3501B1DF6077B38	2D583A12EDD7F49309E68C06995D1E96	3hr mrna from totRNA-seq	rnaseq
SRR6441650	2018-02-22 16:42:06	2018-01-04 18:33:46	31750606	1587530300	0	50	649	NA	https://sra-download.ncbi.nlm.nih.gov/traces/sra57/SRR/006290/SRR6441650	SRX3532875	NA	RNA-Seq	cDNA	TRANSCRIPTOMIC	SINGLE	0	0	ILLUMINA	Illumina HiSeq 2500	SRP128065	PRJNA428526	2	428526	SRS2808309	SAMN08294613	simple	4932	Saccharomyces cerevisiae	GSM2913160	NA	NA	NA	NA	NA	NA	no	NA	NA	NA	NA	GEO	SRA644031	NA	public	BB24B07347DC698D48223F91662469B4	517FD459A54E38DCF7447B60ABDC0FF5	3hr mrna from totRNA-seq	rnaseq
SRR6441651	2018-02-22 16:42:06	2018-01-04 18:34:01	31926172	1596308600	0	50	655	NA	https://sra-download.ncbi.nlm.nih.gov/traces/sra57/SRR/006290/SRR6441651	SRX3532875	NA	RNA-Seq	cDNA	TRANSCRIPTOMIC	SINGLE	0	0	ILLUMINA	Illumina HiSeq 2500	SRP128065	PRJNA428526	2	428526	SRS2808309	SAMN08294613	simple	4932	Saccharomyces cerevisiae	GSM2913160	NA	NA	NA	NA	NA	NA	no	NA	NA	NA	NA	GEO	SRA644031	NA	public	9A45DE6DD93357F1FB83B1413F2BA330	4BA14259B2045559ACA1B22E32FE6CB3	3hr mrna from totRNA-seq	rnaseq
SRR6441652	2018-02-22 16:42:06	2018-01-04 18:36:49	30819910	1540995500	0	50	609	NA	https://sra-download.ncbi.nlm.nih.gov/traces/sra58/SRR/006290/SRR6441652	SRX3532876	NA	RNA-Seq	cDNA	TRANSCRIPTOMIC	SINGLE	0	0	ILLUMINA	Illumina HiSeq 2500	SRP128065	PRJNA428526	2	428526	SRS2808310	SAMN08294612	simple	4932	Saccharomyces cerevisiae	GSM2913161	NA	NA	NA	NA	NA	NA	no	NA	NA	NA	NA	GEO	SRA644031	NA	public	B7A4DBD7B5B6D8C25525FF12B7D4BE88	45D1D6DB4A688F7CAA2EB74C5D571364	4.5hr mrna from totRNA-seq	rnaseq
SRR6441653	2018-02-22 16:42:07	2018-01-04 18:41:31	36206202	1810310100	0	50	739	NA	https://sra-download.ncbi.nlm.nih.gov/traces/sra58/SRR/006290/SRR6441653	SRX3532876	NA	RNA-Seq	cDNA	TRANSCRIPTOMIC	SINGLE	0	0	ILLUMINA	Illumina HiSeq 2500	SRP128065	PRJNA428526	2	428526	SRS2808310	SAMN08294612	simple	4932	Saccharomyces cerevisiae	GSM2913161	NA	NA	NA	NA	NA	NA	no	NA	NA	NA	NA	GEO	SRA644031	NA	public	DCD6DBE5451659787B74F855D2E54289	851C7DA3C6CF68C76AF958CC9E27347D	4.5hr mrna from totRNA-seq	rnaseq
SRR6441654	2018-02-22 16:42:07	2018-01-04 18:39:18	36399622	1819981100	0	50	745	NA	https://sra-download.ncbi.nlm.nih.gov/traces/sra57/SRR/006290/SRR6441654	SRX3532876	NA	RNA-Seq	cDNA	TRANSCRIPTOMIC	SINGLE	0	0	ILLUMINA	Illumina HiSeq 2500	SRP128065	PRJNA428526	2	428526	SRS2808310	SAMN08294612	simple	4932	Saccharomyces cerevisiae	GSM2913161	NA	NA	NA	NA	NA	NA	no	NA	NA	NA	NA	GEO	SRA644031	NA	public	4D76FC0EE1B34577B5DF680D5ACF4B40	7EBE79BB2E61D4CFC02290212419EB94	4.5hr mrna from totRNA-seq	rnaseq
SRR6441655	2018-02-22 16:42:07	2018-01-04 18:37:35	31435867	1571793350	0	50	621	NA	https://sra-download.ncbi.nlm.nih.gov/traces/sra58/SRR/006290/SRR6441655	SRX3532877	NA	RNA-Seq	cDNA	TRANSCRIPTOMIC	SINGLE	0	0	ILLUMINA	Illumina HiSeq 2500	SRP128065	PRJNA428526	2	428526	SRS2808311	SAMN08294611	simple	4932	Saccharomyces cerevisiae	GSM2913162	NA	NA	NA	NA	NA	NA	no	NA	NA	NA	NA	GEO	SRA644031	NA	public	CF976F780CCE48702A9D9094D0C432F1	866B3CA87875D58071D3F07352C07CFA	6hr mrna from totRNA-seq	rnaseq
SRR6441656	2018-02-22 16:42:07	2018-01-04 18:39:25	36967817	1848390850	0	50	754	NA	https://sra-download.ncbi.nlm.nih.gov/traces/sra57/SRR/006290/SRR6441656	SRX3532877	NA	RNA-Seq	cDNA	TRANSCRIPTOMIC	SINGLE	0	0	ILLUMINA	Illumina HiSeq 2500	SRP128065	PRJNA428526	2	428526	SRS2808311	SAMN08294611	simple	4932	Saccharomyces cerevisiae	GSM2913162	NA	NA	NA	NA	NA	NA	no	NA	NA	NA	NA	GEO	SRA644031	NA	public	E8DC86DF8F86AAB7C78C4BBDCC5437DB	3D641C0FB09CD51DE0F0102FC6CC7D8B	6hr mrna from totRNA-seq	rnaseq
SRR6441657	2018-02-22 16:42:07	2018-01-04 18:41:24	37181900	1859095000	0	50	761	NA	https://sra-download.ncbi.nlm.nih.gov/traces/sra57/SRR/006290/SRR6441657	SRX3532877	NA	RNA-Seq	cDNA	TRANSCRIPTOMIC	SINGLE	0	0	ILLUMINA	Illumina HiSeq 2500	SRP128065	PRJNA428526	2	428526	SRS2808311	SAMN08294611	simple	4932	Saccharomyces cerevisiae	GSM2913162	NA	NA	NA	NA	NA	NA	no	NA	NA	NA	NA	GEO	SRA644031	NA	public	CDA769D3B10C498186F8D5FD28AFBBF8	7E151CA09D0FF6056C60D8776F08F3E5	6hr mrna from totRNA-seq	rnaseq
SRR6441658	2018-02-22 16:42:07	2018-01-04 18:34:22	19893499	994674950	0	50	376	NA	https://sra-download.ncbi.nlm.nih.gov/traces/sra57/SRR/006290/SRR6441658	SRX3532878	NA	RNA-Seq	cDNA	TRANSCRIPTOMIC	SINGLE	0	0	ILLUMINA	Illumina HiSeq 2500	SRP128065	PRJNA428526	2	428526	SRS2808312	SAMN08294610	simple	4932	Saccharomyces cerevisiae	GSM2913163	NA	NA	NA	NA	NA	NA	no	NA	NA	NA	NA	GEO	SRA644031	NA	public	C49F6C045264A391FDDD7FCBB9A39C6D	0CF6BE38635588840434D1AD35CD733C	8hr mrna from totRNA-seq	rnaseq
SRR6441659	2018-02-22 16:42:07	2018-01-04 18:37:20	27110366	1355518300	0	50	548	NA	https://sra-download.ncbi.nlm.nih.gov/traces/sra57/SRR/006290/SRR6441659	SRX3532878	NA	RNA-Seq	cDNA	TRANSCRIPTOMIC	SINGLE	0	0	ILLUMINA	Illumina HiSeq 2500	SRP128065	PRJNA428526	2	428526	SRS2808312	SAMN08294610	simple	4932	Saccharomyces cerevisiae	GSM2913163	NA	NA	NA	NA	NA	NA	no	NA	NA	NA	NA	GEO	SRA644031	NA	public	56B3BB64B4E3C121E8C7D2BC2D639081	77E67C079F9EBA45773693401B12DE65	8hr mrna from totRNA-seq	rnaseq
SRR6441660	2018-02-22 16:42:07	2018-01-04 18:35:43	27069430	1353471500	0	50	545	NA	https://sra-download.ncbi.nlm.nih.gov/traces/sra57/SRR/006290/SRR6441660	SRX3532878	NA	RNA-Seq	cDNA	TRANSCRIPTOMIC	SINGLE	0	0	ILLUMINA	Illumina HiSeq 2500	SRP128065	PRJNA428526	2	428526	SRS2808312	SAMN08294610	simple	4932	Saccharomyces cerevisiae	GSM2913163	NA	NA	NA	NA	NA	NA	no	NA	NA	NA	NA	GEO	SRA644031	NA	public	C38FC1BBC9C3EFAE8C09FF6BFCC4702D	E519619E14A559B8C02BCA12361DAC67	8hr mrna from totRNA-seq	rnaseq
SRR6441661	2018-02-22 16:42:07	2018-01-04 18:34:53	21078648	1053932400	0	50	402	NA	https://sra-download.ncbi.nlm.nih.gov/traces/sra57/SRR/006290/SRR6441661	SRX3532879	NA	RNA-Seq	cDNA	TRANSCRIPTOMIC	SINGLE	0	0	ILLUMINA	Illumina HiSeq 2500	SRP128065	PRJNA428526	2	428526	SRS2808313	SAMN08294609	simple	4932	Saccharomyces cerevisiae	GSM2913164	NA	NA	NA	NA	NA	NA	no	NA	NA	NA	NA	GEO	SRA644031	NA	public	7C930987604DD2E38EB7A95235F40F0B	B9EF29520715F4F68FED6248EBF374CA	10hr mrna from totRNA-seq	rnaseq
SRR6441662	2018-02-22 16:42:07	2018-01-04 18:38:53	28862971	1443148550	0	50	587	NA	https://sra-download.ncbi.nlm.nih.gov/traces/sra57/SRR/006290/SRR6441662	SRX3532879	NA	RNA-Seq	cDNA	TRANSCRIPTOMIC	SINGLE	0	0	ILLUMINA	Illumina HiSeq 2500	SRP128065	PRJNA428526	2	428526	SRS2808313	SAMN08294609	simple	4932	Saccharomyces cerevisiae	GSM2913164	NA	NA	NA	NA	NA	NA	no	NA	NA	NA	NA	GEO	SRA644031	NA	public	A943A049FBADA4F02652B01334CC3BD5	EFD518684EEF52D5448E4CEB5177696D	10hr mrna from totRNA-seq	rnaseq
SRR6441663	2018-02-22 16:42:07	2018-01-04 18:38:49	28843960	1442198000	0	50	584	NA	https://sra-download.ncbi.nlm.nih.gov/traces/sra57/SRR/006290/SRR6441663	SRX3532879	NA	RNA-Seq	cDNA	TRANSCRIPTOMIC	SINGLE	0	0	ILLUMINA	Illumina HiSeq 2500	SRP128065	PRJNA428526	2	428526	SRS2808313	SAMN08294609	simple	4932	Saccharomyces cerevisiae	GSM2913164	NA	NA	NA	NA	NA	NA	no	NA	NA	NA	NA	GEO	SRA644031	NA	public	26A17129485DD6408828E6D2F6F294FB	609295149CDFB88EFB0737BC74BAF1FB	10hr mrna from totRNA-seq	rnaseq
SRR6441664	2018-02-22 16:42:07	2018-01-04 18:38:34	36577340	1828867000	0	50	743	NA	https://sra-download.ncbi.nlm.nih.gov/traces/sra58/SRR/006290/SRR6441664	SRX3532880	NA	RNA-Seq	cDNA	TRANSCRIPTOMIC	SINGLE	0	0	ILLUMINA	Illumina HiSeq 2500	SRP128065	PRJNA428526	2	428526	SRS2808314	SAMN08294608	simple	4932	Saccharomyces cerevisiae	GSM2913165	NA	NA	NA	NA	NA	NA	no	NA	NA	NA	NA	GEO	SRA644031	NA	public	A01E923DF21038288B268C9CAFB51B90	1635D07FFA582991BBCFB571D30CF8B6	spore mrna from totRNA-seq	rnaseq
SRR6441665	2018-02-22 16:42:07	2018-01-04 18:37:25	36518922	1825946100	0	50	739	NA	https://sra-download.ncbi.nlm.nih.gov/traces/sra57/SRR/006290/SRR6441665	SRX3532880	NA	RNA-Seq	cDNA	TRANSCRIPTOMIC	SINGLE	0	0	ILLUMINA	Illumina HiSeq 2500	SRP128065	PRJNA428526	2	428526	SRS2808314	SAMN08294608	simple	4932	Saccharomyces cerevisiae	GSM2913165	NA	NA	NA	NA	NA	NA	no	NA	NA	NA	NA	GEO	SRA644031	NA	public	C8DCF91E46E201D408E04E4F633C8C90	5551AFD5EF2BC437EDF6BF4118607A46	spore mrna from totRNA-seq	rnaseq
SRR6441666	2018-02-22 16:42:07	2018-01-04 18:35:29	26749927	1337496350	0	50	508	NA	https://sra-download.ncbi.nlm.nih.gov/traces/sra58/SRR/006290/SRR6441666	SRX3532880	NA	RNA-Seq	cDNA	TRANSCRIPTOMIC	SINGLE	0	0	ILLUMINA	Illumina HiSeq 2500	SRP128065	PRJNA428526	2	428526	SRS2808314	SAMN08294608	simple	4932	Saccharomyces cerevisiae	GSM2913165	NA	NA	NA	NA	NA	NA	no	NA	NA	NA	NA	GEO	SRA644031	NA	public	6696D406351C68B474999E45D212491B	BA44D1B11070C7A8846FEF525A278654	spore mrna from totRNA-seq	rnaseq
SRR6441667	2018-02-22 16:42:07	2018-01-04 18:38:28	40381116	2019055800	0	50	824	NA	https://sra-download.ncbi.nlm.nih.gov/traces/sra58/SRR/006290/SRR6441667	SRX3532881	NA	RNA-Seq	cDNA	TRANSCRIPTOMIC	SINGLE	0	0	ILLUMINA	Illumina HiSeq 2500	SRP128065	PRJNA428526	2	428526	SRS2808315	SAMN08294607	simple	4932	Saccharomyces cerevisiae	GSM2913166	NA	NA	NA	NA	NA	NA	no	NA	NA	NA	NA	GEO	SRA644031	NA	public	02A3336E87B389505AA6E56F0500C72E	104FE35F47AE7D8751CFB85E2391AF41	MATa/a 4.5hr mrna from totRNA-seq	rnaseq
SRR6441668	2018-02-22 16:42:07	2018-01-04 18:41:10	40603940	2030197000	0	50	826	NA	https://sra-download.ncbi.nlm.nih.gov/traces/sra57/SRR/006290/SRR6441668	SRX3532881	NA	RNA-Seq	cDNA	TRANSCRIPTOMIC	SINGLE	0	0	ILLUMINA	Illumina HiSeq 2500	SRP128065	PRJNA428526	2	428526	SRS2808315	SAMN08294607	simple	4932	Saccharomyces cerevisiae	GSM2913166	NA	NA	NA	NA	NA	NA	no	NA	NA	NA	NA	GEO	SRA644031	NA	public	14DAD59A408BA1DD31B45D5F69ABD32A	ED75F00BCA080B0588F794B47BB49012	MATa/a 4.5hr mrna from totRNA-seq	rnaseq
SRR6441669	2018-02-22 16:42:07	2018-01-04 18:37:04	30607393	1530369650	0	50	585	NA	https://sra-download.ncbi.nlm.nih.gov/traces/sra57/SRR/006290/SRR6441669	SRX3532881	NA	RNA-Seq	cDNA	TRANSCRIPTOMIC	SINGLE	0	0	ILLUMINA	Illumina HiSeq 2500	SRP128065	PRJNA428526	2	428526	SRS2808315	SAMN08294607	simple	4932	Saccharomyces cerevisiae	GSM2913166	NA	NA	NA	NA	NA	NA	no	NA	NA	NA	NA	GEO	SRA644031	NA	public	D7557E1331B40EEAAAE9DFB09C961AC2	00620AA0B14B805BE89CB5427FDC478A	MATa/a 4.5hr mrna from totRNA-seq	rnaseq
SRR6441670	2018-02-22 16:42:07	2018-01-04 18:40:52	30398569	1550327019	0	51	570	NA	https://sra-download.ncbi.nlm.nih.gov/traces/sra57/SRR/006290/SRR6441670	SRX3532882	NA	RNA-Seq	cDNA	TRANSCRIPTOMIC	SINGLE	0	0	ILLUMINA	Illumina HiSeq 2500	SRP128065	PRJNA428526	2	428526	SRS2808316	SAMN08294606	simple	4932	Saccharomyces cerevisiae	GSM2913167	NA	NA	NA	NA	NA	NA	no	NA	NA	NA	NA	GEO	SRA644031	NA	public	F53FEBFAD03E4507AF6DE55C844B2CC3	8A9DE7F14EF15A392C3FF7A3E5FD59BD	vegetative exponential fps prepped in parallel to the main timecourse samples for replicate 1	riboseq
SRR6441671	2018-02-22 16:42:07	2018-01-04 18:33:59	32887973	1677286623	0	51	891	NA	https://sra-download.ncbi.nlm.nih.gov/traces/sra58/SRR/006290/SRR6441671	SRX3532883	NA	RNA-Seq	cDNA	TRANSCRIPTOMIC	SINGLE	0	0	ILLUMINA	Illumina HiSeq 2500	SRP128065	PRJNA428526	2	428526	SRS2808317	SAMN08294605	simple	4932	Saccharomyces cerevisiae	GSM2913168	NA	NA	NA	NA	NA	NA	no	NA	NA	NA	NA	GEO	SRA644031	NA	public	CB96897D793B4CEEDE2591ABF536D7D7	11BE27CF82097265017CD93DBD060E3A	0hr fps prepped in parallel  in parallel to the main timecourse samples for replicate 1	riboseq
SRR6441672	2018-02-22 16:42:07	2018-01-04 18:31:19	10796227	550607577	0	51	247	NA	https://sra-download.ncbi.nlm.nih.gov/traces/sra57/SRR/006290/SRR6441672	SRX3532884	NA	RNA-Seq	cDNA	TRANSCRIPTOMIC	SINGLE	0	0	ILLUMINA	Illumina HiSeq 2500	SRP128065	PRJNA428526	2	428526	SRS2808318	SAMN08294599	simple	4932	Saccharomyces cerevisiae	GSM2913169	NA	NA	NA	NA	NA	NA	no	NA	NA	NA	NA	GEO	SRA644031	NA	public	23FB601BB0BDAE377DCE2778C3925802	2A56058A598402C1D73FA1B618D53303	1.5hr fps prepped in parallel for replicate1	riboseq
SRR6441673	2018-02-22 16:42:07	2018-01-04 18:31:07	10991710	560577210	0	51	250	NA	https://sra-download.ncbi.nlm.nih.gov/traces/sra57/SRR/006290/SRR6441673	SRX3532884	NA	RNA-Seq	cDNA	TRANSCRIPTOMIC	SINGLE	0	0	ILLUMINA	Illumina HiSeq 2500	SRP128065	PRJNA428526	2	428526	SRS2808318	SAMN08294599	simple	4932	Saccharomyces cerevisiae	GSM2913169	NA	NA	NA	NA	NA	NA	no	NA	NA	NA	NA	GEO	SRA644031	NA	public	A237CFA8C7EAF16B3988ADCC033EEE47	C2C0D6E72ABCF1BE5DA0E1F671441B5F	1.5hr fps prepped in parallel for replicate1	riboseq
SRR6441674	2018-02-22 16:42:07	2018-01-04 18:32:53	15604567	795832917	0	51	353	NA	https://sra-download.ncbi.nlm.nih.gov/traces/sra57/SRR/006290/SRR6441674	SRX3532885	NA	RNA-Seq	cDNA	TRANSCRIPTOMIC	SINGLE	0	0	ILLUMINA	Illumina HiSeq 2500	SRP128065	PRJNA428526	2	428526	SRS2808319	SAMN08294598	simple	4932	Saccharomyces cerevisiae	GSM2913170	NA	NA	NA	NA	NA	NA	no	NA	NA	NA	NA	GEO	SRA644031	NA	public	E88B5AA7E0E6DB88126D7CB8CD47E844	D0C7863AAD638BD2BD44758CCCE8DF88	1.5hr fps prepped in parallel for replicate2	riboseq
SRR6441675	2018-02-22 16:42:07	2018-01-04 18:33:36	15859091	808813641	0	51	358	NA	https://sra-download.ncbi.nlm.nih.gov/traces/sra57/SRR/006290/SRR6441675	SRX3532885	NA	RNA-Seq	cDNA	TRANSCRIPTOMIC	SINGLE	0	0	ILLUMINA	Illumina HiSeq 2500	SRP128065	PRJNA428526	2	428526	SRS2808319	SAMN08294598	simple	4932	Saccharomyces cerevisiae	GSM2913170	NA	NA	NA	NA	NA	NA	no	NA	NA	NA	NA	GEO	SRA644031	NA	public	2C66AB6C680D8A6E3B1737B3AE302C57	2926A106EAE6BF651B966A18D0929785	1.5hr fps prepped in parallel for replicate2	riboseq
SRR6441676	2018-02-22 16:42:07	2018-01-04 18:33:18	13532815	690173565	0	51	308	NA	https://sra-download.ncbi.nlm.nih.gov/traces/sra58/SRR/006290/SRR6441676	SRX3532886	NA	RNA-Seq	cDNA	TRANSCRIPTOMIC	SINGLE	0	0	ILLUMINA	Illumina HiSeq 2500	SRP128065	PRJNA428526	2	428526	SRS2808320	SAMN08294597	simple	4932	Saccharomyces cerevisiae	GSM2913171	NA	NA	NA	NA	NA	NA	no	NA	NA	NA	NA	GEO	SRA644031	NA	public	163F66528F04106EABB3476BD1CF04CA	1395A4A3A268F89660D770013EB6CA28	3hr fps prepped in parallel for replicate1	riboseq
SRR6441677	2018-02-22 16:42:07	2018-01-04 18:32:50	13760054	701762754	0	51	312	NA	https://sra-download.ncbi.nlm.nih.gov/traces/sra57/SRR/006290/SRR6441677	SRX3532886	NA	RNA-Seq	cDNA	TRANSCRIPTOMIC	SINGLE	0	0	ILLUMINA	Illumina HiSeq 2500	SRP128065	PRJNA428526	2	428526	SRS2808320	SAMN08294597	simple	4932	Saccharomyces cerevisiae	GSM2913171	NA	NA	NA	NA	NA	NA	no	NA	NA	NA	NA	GEO	SRA644031	NA	public	C8F7088DFEEA18F03BDE61C243ECFE84	200764D2A83AECF7CCFF5FB11D4634F5	3hr fps prepped in parallel for replicate1	riboseq
SRR6441678	2018-02-22 16:42:07	2018-01-04 18:33:09	13314650	679047150	0	51	304	NA	https://sra-download.ncbi.nlm.nih.gov/traces/sra57/SRR/006290/SRR6441678	SRX3532887	NA	RNA-Seq	cDNA	TRANSCRIPTOMIC	SINGLE	0	0	ILLUMINA	Illumina HiSeq 2500	SRP128065	PRJNA428526	2	428526	SRS2808321	SAMN08294596	simple	4932	Saccharomyces cerevisiae	GSM2913172	NA	NA	NA	NA	NA	NA	no	NA	NA	NA	NA	GEO	SRA644031	NA	public	E64C5C1743AED0EC0424E1BF92658669	765CDA18F615394FF51078160FDF9F0E	3hr fps prepped in parallel for replicate2	riboseq
SRR6441679	2018-02-22 16:42:07	2018-01-04 18:32:52	13562955	691710705	0	51	309	NA	https://sra-download.ncbi.nlm.nih.gov/traces/sra58/SRR/006290/SRR6441679	SRX3532887	NA	RNA-Seq	cDNA	TRANSCRIPTOMIC	SINGLE	0	0	ILLUMINA	Illumina HiSeq 2500	SRP128065	PRJNA428526	2	428526	SRS2808321	SAMN08294596	simple	4932	Saccharomyces cerevisiae	GSM2913172	NA	NA	NA	NA	NA	NA	no	NA	NA	NA	NA	GEO	SRA644031	NA	public	0526541A96D5DB57E711BCE2D2C390B4	CDC4B947C40BAF608F47CDE128623E15	3hr fps prepped in parallel for replicate2	riboseq
SRR6441680	2018-02-22 16:42:07	2018-01-04 18:33:34	14148062	721551162	0	51	322	NA	https://sra-download.ncbi.nlm.nih.gov/traces/sra58/SRR/006290/SRR6441680	SRX3532888	NA	RNA-Seq	cDNA	TRANSCRIPTOMIC	SINGLE	0	0	ILLUMINA	Illumina HiSeq 2500	SRP128065	PRJNA428526	2	428526	SRS2808322	SAMN08294595	simple	4932	Saccharomyces cerevisiae	GSM2913173	NA	NA	NA	NA	NA	NA	no	NA	NA	NA	NA	GEO	SRA644031	NA	public	BF3DAFFD6EC88620BDBE76032D571323	1E20C2C49DE15AA55946DB46CE674FF2	6hr fps prepped in parallel for replicate1	riboseq
SRR6441681	2018-02-22 16:42:07	2018-01-04 18:33:26	14404796	734644596	0	51	327	NA	https://sra-download.ncbi.nlm.nih.gov/traces/sra57/SRR/006290/SRR6441681	SRX3532888	NA	RNA-Seq	cDNA	TRANSCRIPTOMIC	SINGLE	0	0	ILLUMINA	Illumina HiSeq 2500	SRP128065	PRJNA428526	2	428526	SRS2808322	SAMN08294595	simple	4932	Saccharomyces cerevisiae	GSM2913173	NA	NA	NA	NA	NA	NA	no	NA	NA	NA	NA	GEO	SRA644031	NA	public	9A857810E79ED79F178B5FEAED421191	FDEE3E70EB3D71156130EA43A406A9DC	6hr fps prepped in parallel for replicate1	riboseq
SRR6441682	2018-02-22 16:42:07	2018-01-04 18:31:17	5681709	289767159	0	51	130	NA	https://sra-download.ncbi.nlm.nih.gov/traces/sra57/SRR/006290/SRR6441682	SRX3532889	NA	RNA-Seq	cDNA	TRANSCRIPTOMIC	SINGLE	0	0	ILLUMINA	Illumina HiSeq 2500	SRP128065	PRJNA428526	2	428526	SRS2808323	SAMN08294594	simple	4932	Saccharomyces cerevisiae	GSM2913174	NA	NA	NA	NA	NA	NA	no	NA	NA	NA	NA	GEO	SRA644031	NA	public	BA59C7C09A76BB8EACC7E245B9C48C51	A736AC522F153B39FA30F5049F9F68E8	6hr fps prepped in parallel for replicate2	riboseq
SRR6441683	2018-02-22 16:42:07	2018-01-04 18:30:49	5792000	295392000	0	51	132	NA	https://sra-download.ncbi.nlm.nih.gov/traces/sra57/SRR/006290/SRR6441683	SRX3532889	NA	RNA-Seq	cDNA	TRANSCRIPTOMIC	SINGLE	0	0	ILLUMINA	Illumina HiSeq 2500	SRP128065	PRJNA428526	2	428526	SRS2808323	SAMN08294594	simple	4932	Saccharomyces cerevisiae	GSM2913174	NA	NA	NA	NA	NA	NA	no	NA	NA	NA	NA	GEO	SRA644031	NA	public	E8807B7DED375A56AAEBC91BC2C33E46	168ADB73728F35969C9EF6076367B598	6hr fps prepped in parallel for replicate2	riboseq
SRR6441684	2018-02-22 16:42:07	2018-01-04 18:39:16	39790461	2029313511	0	51	1051	NA	https://sra-download.ncbi.nlm.nih.gov/traces/sra57/SRR/006290/SRR6441684	SRX3532890	NA	RNA-Seq	cDNA	TRANSCRIPTOMIC	SINGLE	0	0	ILLUMINA	Illumina HiSeq 2500	SRP128065	PRJNA428526	2	428526	SRS2808324	SAMN08294593	simple	4932	Saccharomyces cerevisiae	GSM2913175	NA	NA	NA	NA	NA	NA	no	NA	NA	NA	NA	GEO	SRA644031	NA	public	3208F5518E4AF524CBEEE9AEF5509929	FD4192E6B4786F420F5017E2ABEECCA3	0hr mRNA prepped in parallel in parallel to the main timecourse samples for replicate 1	rnaseq
SRR6441685	2018-02-22 16:42:07	2018-01-04 18:34:13	40643420	2072814420	0	51	1084	NA	https://sra-download.ncbi.nlm.nih.gov/traces/sra58/SRR/006290/SRR6441685	SRX3532891	NA	RNA-Seq	cDNA	TRANSCRIPTOMIC	SINGLE	0	0	ILLUMINA	Illumina HiSeq 2500	SRP128065	PRJNA428526	2	428526	SRS2808325	SAMN08294592	simple	4932	Saccharomyces cerevisiae	GSM2913176	NA	NA	NA	NA	NA	NA	no	NA	NA	NA	NA	GEO	SRA644031	NA	public	EF1422B32EE3433624552746DB739389	A41D36E7795B749EE4ABFEA885E17B76	1.5hr mRNA prepped in parallel for replicate1	rnaseq
SRR6441686	2018-02-22 16:42:07	2018-01-04 18:35:15	41060661	2094093711	0	51	1092	NA	https://sra-download.ncbi.nlm.nih.gov/traces/sra58/SRR/006290/SRR6441686	SRX3532891	NA	RNA-Seq	cDNA	TRANSCRIPTOMIC	SINGLE	0	0	ILLUMINA	Illumina HiSeq 2500	SRP128065	PRJNA428526	2	428526	SRS2808325	SAMN08294592	simple	4932	Saccharomyces cerevisiae	GSM2913176	NA	NA	NA	NA	NA	NA	no	NA	NA	NA	NA	GEO	SRA644031	NA	public	03520D6241404F798E490C19599D66D4	DA20D56066EFD79B0D35977DCCA35186	1.5hr mRNA prepped in parallel for replicate1	rnaseq
SRR6441687	2018-02-22 16:42:07	2018-01-04 18:30:13	4567398	232937298	0	51	124	NA	https://sra-download.ncbi.nlm.nih.gov/traces/sra57/SRR/006290/SRR6441687	SRX3532892	NA	RNA-Seq	cDNA	TRANSCRIPTOMIC	SINGLE	0	0	ILLUMINA	Illumina HiSeq 2500	SRP128065	PRJNA428526	2	428526	SRS2808326	SAMN08294591	simple	4932	Saccharomyces cerevisiae	GSM2913177	NA	NA	NA	NA	NA	NA	no	NA	NA	NA	NA	GEO	SRA644031	NA	public	CB4CE9797CD45497D60FE66145F3E570	4DDC326EA07202E6E8624648116659FD	1.5hr mRNA prepped in parallel for replicate2	rnaseq
SRR6441688	2018-02-22 16:42:07	2018-01-04 18:30:35	4615016	235365816	0	51	125	NA	https://sra-download.ncbi.nlm.nih.gov/traces/sra58/SRR/006290/SRR6441688	SRX3532892	NA	RNA-Seq	cDNA	TRANSCRIPTOMIC	SINGLE	0	0	ILLUMINA	Illumina HiSeq 2500	SRP128065	PRJNA428526	2	428526	SRS2808326	SAMN08294591	simple	4932	Saccharomyces cerevisiae	GSM2913177	NA	NA	NA	NA	NA	NA	no	NA	NA	NA	NA	GEO	SRA644031	NA	public	96BF58BF4EF2A1CC41ED38B65396D073	6399F91138283A938AB3C50B320A6139	1.5hr mRNA prepped in parallel for replicate2	rnaseq
SRR6441689	2018-02-22 16:42:07	2018-01-04 18:30:32	8501205	433561455	0	51	238	NA	https://sra-download.ncbi.nlm.nih.gov/traces/sra57/SRR/006290/SRR6441689	SRX3532893	NA	RNA-Seq	cDNA	TRANSCRIPTOMIC	SINGLE	0	0	ILLUMINA	Illumina HiSeq 2500	SRP128065	PRJNA428526	2	428526	SRS2808327	SAMN08294590	simple	4932	Saccharomyces cerevisiae	GSM2913178	NA	NA	NA	NA	NA	NA	no	NA	NA	NA	NA	GEO	SRA644031	NA	public	73E0124F2F0D85F01CBE928244A35FEF	F61F01CEF1B3E5E04CDF4DFE4BFB82DD	3hr mRNA prepped in parallel for replicate1	rnaseq
SRR6441690	2018-02-22 16:42:07	2018-01-04 18:30:41	8577307	437442657	0	51	239	NA	https://sra-download.ncbi.nlm.nih.gov/traces/sra58/SRR/006290/SRR6441690	SRX3532893	NA	RNA-Seq	cDNA	TRANSCRIPTOMIC	SINGLE	0	0	ILLUMINA	Illumina HiSeq 2500	SRP128065	PRJNA428526	2	428526	SRS2808327	SAMN08294590	simple	4932	Saccharomyces cerevisiae	GSM2913178	NA	NA	NA	NA	NA	NA	no	NA	NA	NA	NA	GEO	SRA644031	NA	public	A9E3589B7A3F7A8F01640207EBCDD52A	A5769976CD73EA5EC8FA974F4F1B993C	3hr mRNA prepped in parallel for replicate1	rnaseq
SRR6441691	2018-02-22 16:42:07	2018-01-04 18:33:23	23086041	1177388091	0	51	618	NA	https://sra-download.ncbi.nlm.nih.gov/traces/sra57/SRR/006290/SRR6441691	SRX3532894	NA	RNA-Seq	cDNA	TRANSCRIPTOMIC	SINGLE	0	0	ILLUMINA	Illumina HiSeq 2500	SRP128065	PRJNA428526	2	428526	SRS2808328	SAMN08294589	simple	4932	Saccharomyces cerevisiae	GSM2913179	NA	NA	NA	NA	NA	NA	no	NA	NA	NA	NA	GEO	SRA644031	NA	public	3E1DCC4C1E7DF924A44334582EDC2215	79B4B29A1DD24C67D5B38C3917D0E5E8	3hr mRNA prepped in parallel for replicate2	rnaseq
SRR6441692	2018-02-22 16:42:07	2018-01-04 18:34:18	23329009	1189779459	0	51	622	NA	https://sra-download.ncbi.nlm.nih.gov/traces/sra58/SRR/006290/SRR6441692	SRX3532894	NA	RNA-Seq	cDNA	TRANSCRIPTOMIC	SINGLE	0	0	ILLUMINA	Illumina HiSeq 2500	SRP128065	PRJNA428526	2	428526	SRS2808328	SAMN08294589	simple	4932	Saccharomyces cerevisiae	GSM2913179	NA	NA	NA	NA	NA	NA	no	NA	NA	NA	NA	GEO	SRA644031	NA	public	42480E27829BA65C090BE49570623C39	2083DAECB82BBA4D9BEA57E0E71E1F0A	3hr mRNA prepped in parallel for replicate2	rnaseq
SRR6441693	2018-02-22 16:42:07	2018-01-04 18:30:31	4281741	218368791	0	51	114	NA	https://sra-download.ncbi.nlm.nih.gov/traces/sra57/SRR/006290/SRR6441693	SRX3532895	NA	RNA-Seq	cDNA	TRANSCRIPTOMIC	SINGLE	0	0	ILLUMINA	Illumina HiSeq 2500	SRP128065	PRJNA428526	2	428526	SRS2808329	SAMN08294588	simple	4932	Saccharomyces cerevisiae	GSM2913180	NA	NA	NA	NA	NA	NA	no	NA	NA	NA	NA	GEO	SRA644031	NA	public	C8A151DA9EDA18E186D313D8206673D2	4F875F534B3EAF407F6F89FD5BCD38A0	6hr mRNA prepped in parallel for replicate1	rnaseq
SRR6441694	2018-02-22 16:42:07	2018-01-04 18:30:36	4319425	220290675	0	51	114	NA	https://sra-download.ncbi.nlm.nih.gov/traces/sra57/SRR/006290/SRR6441694	SRX3532895	NA	RNA-Seq	cDNA	TRANSCRIPTOMIC	SINGLE	0	0	ILLUMINA	Illumina HiSeq 2500	SRP128065	PRJNA428526	2	428526	SRS2808329	SAMN08294588	simple	4932	Saccharomyces cerevisiae	GSM2913180	NA	NA	NA	NA	NA	NA	no	NA	NA	NA	NA	GEO	SRA644031	NA	public	090E310BAED2AA88BEA55B2BAB3FA41B	E8486AFD319787185490BEF605F8F49A	6hr mRNA prepped in parallel for replicate1	rnaseq
SRR6441695	2018-02-22 16:42:07	2018-01-04 18:31:21	12187712	621573312	0	51	330	NA	https://sra-download.ncbi.nlm.nih.gov/traces/sra58/SRR/006290/SRR6441695	SRX3532896	NA	RNA-Seq	cDNA	TRANSCRIPTOMIC	SINGLE	0	0	ILLUMINA	Illumina HiSeq 2500	SRP128065	PRJNA428526	2	428526	SRS2808330	SAMN08294587	simple	4932	Saccharomyces cerevisiae	GSM2913181	NA	NA	NA	NA	NA	NA	no	NA	NA	NA	NA	GEO	SRA644031	NA	public	D3D4DB652777649F83E8F482C4D3A57D	E1B9EF955F7AC997FD89B3FCEBD142AA	6hr mRNA prepped in parallel for replicate2	rnaseq
SRR6441696	2018-02-22 16:42:07	2018-01-04 18:31:25	12315919	628111869	0	51	333	NA	https://sra-download.ncbi.nlm.nih.gov/traces/sra58/SRR/006290/SRR6441696	SRX3532896	NA	RNA-Seq	cDNA	TRANSCRIPTOMIC	SINGLE	0	0	ILLUMINA	Illumina HiSeq 2500	SRP128065	PRJNA428526	2	428526	SRS2808330	SAMN08294587	simple	4932	Saccharomyces cerevisiae	GSM2913181	NA	NA	NA	NA	NA	NA	no	NA	NA	NA	NA	GEO	SRA644031	NA	public	4F8B55E0CF4709EA66EB5E6C06745936	1946496A91B79EA33CD99C2450CBE42E	6hr mRNA prepped in parallel for replicate2	rnaseq
